Effect,num Df,den Df,MSE,F,ges,P
`learners/non-learners`,1.0,91.0,0.2827871219178522,0.4710152057270694,0.0008019097843430696,0.4942654992807345
decile,7.024436106208065,639.223685664934,0.10024657354726554,3.6573626598135474,0.01528061658839478,0.0006875758806650015
`learners/non-learners`:decile,7.024436106208065,639.223685664934,0.10024657354726554,0.5542807314090556,0.002346226827029842,0.7937012890828026
bin,1.161770067805482,105.72107617029887,0.28270003203821514,8.523726547038436,0.016587864312727654,0.0028350289765639125
`learners/non-learners`:bin,1.161770067805482,105.72107617029887,0.28270003203821514,0.44372465146266665,0.000877319489155974,0.535873694562329
decile:bin,6.859401416057644,624.2055288612456,0.07411919867106191,7.475909712362339,0.022388583044350735,1.574725980405638e-08
`learners/non-learners`:decile:bin,6.859401416057644,624.2055288612456,0.07411919867106191,1.1979193338046752,0.0036562264084764123,0.30224163312598673
