{
 "deck": {
  "baseline": {
   "0": 0.4026717557251908,
   "1": 0.0,
   "2": 0.43469303667078696,
   "3": 0.44989339019189767
  },
  "feedback": {
   "0": 0.4767175572519084,
   "1": 0.22679924242424243,
   "2": 0.48372476308199425,
   "3": 0.3628997867803838
  },
  "planning": {
   "0": 0.40114503816793895,
   "1": 0.007102272727272727,
   "2": 0.43098475484136795,
   "3": 0.4439232409381663
  }
 },
 "net_gain": {
  "baseline": {
   "0": 0.5558912386706949,
   "1": 0.617693522906793
  },
  "feedback": {
   "0": 0.6238670694864048,
   "1": 0.6524486571879937
  },
  "planning": {
   "0": 0.49395770392749244,
   "1": 0.6761453396524486
  }
 },
 "win/loss_2": {
  "baseline": {
   "0": 0.3641928079571538,
   "1": 0.8076303062869425
  },
  "feedback": {
   "0": 0.38332058148431525,
   "1": 0.7807630306286942
  },
  "planning": {
   "0": 0.35424636572302987,
   "1": 0.814078452444922
  }
 }
}