Effect,num Df,den Df,MSE,F,ges,P
`learners/non-learners`,1.0,91.0,1.0785890434490986,0.07056123883862031,8.820313699225534e-05,0.7911222241022708
decile,7.686302827505614,699.4535573030108,0.5256235241019415,3.951424490162691,0.018167021287727056,0.0001762487715996708
`learners/non-learners`:decile,7.686302827505614,699.4535573030108,0.5256235241019415,0.7391383930582687,0.003449194052207077,0.6514751291186074
bin,1.1317997292705297,102.99377536361821,1.6155880722629277,8.901686492411983,0.018516364415400176,0.002495437127976864
`learners/non-learners`:bin,1.1317997292705297,102.99377536361821,1.6155880722629277,1.840092743394529,0.0038846304970183974,0.1773242073697398
decile:bin,7.735912917532023,703.968075495414,0.3275478464669037,10.258621938535727,0.029247189569609835,2.84485692574133e-13
`learners/non-learners`:decile:bin,7.735912917532023,703.968075495414,0.3275478464669037,1.3640308923760915,0.00399001343177644,0.2111658478375091
