Effect,num Df,den Df,MSE,F,ges,P
`learners/non-learners`,1.0,91.0,1.346450175457282,0.13671279431944805,0.00012767497842155855,0.7124301383845203
decile,7.549539486176113,687.0080932420262,0.6362143734604863,1.699633120092692,0.005631038290671626,0.09983030717919181
`learners/non-learners`:decile,7.549539486176113,687.0080932420262,0.6362143734604863,0.34415158023874154,0.0011453488908803892,0.942260051112001
bin,1.888548793197186,171.85794018094393,1.0061779596561762,6.391624615976171,0.008354729878877245,0.0025482096895453926
`learners/non-learners`:bin,1.888548793197186,171.85794018094393,1.0061779596561762,0.46123906954037147,0.0006076128248134107,0.6201424406828875
decile:bin,99.0,9009.0,0.0787043096344461,1.7036508581815724,0.009124210994409892,1.85494503993304e-05
`learners/non-learners`:decile:bin,99.0,9009.0,0.0787043096344461,0.712462064353462,0.0038360835507426226,0.9860943792986556
